Index,Red,Green,Blue,NIR,SWIR_1,SWIR_2
0,0.08774231,0.076838456,0.05400769,0.29941154,0.18294232,0.08774231
1,0.090165384,0.081980765,0.058853842,0.3039077,0.20383462,0.100530766
2,0.08456538,0.07261153,0.04431538,0.30921155,0.15208846,0.06991923
3,0.08876538,0.079126924,0.055299997,0.29868463,0.19185385,0.093665384
4,0.08879231,0.07950384,0.05548846,0.30568463,0.19877309,0.09608846
5,0.088630766,0.078373075,0.055649996,0.28107694,0.20668846,0.10050385
6,0.08698846,0.07371538,0.05085769,0.26473463,0.18843462,0.092238456
7,0.08343461,0.07037692,0.041865382,0.33115384,0.14018846,0.058880765
8,0.08628846,0.072799996,0.049403843,0.2895577,0.1656577,0.07597692
9,0.08965384,0.07920769,0.05815384,0.29373077,0.20205769,0.0987
10,0.08935769,0.08103846,0.05750769,0.31295386,0.20967692,0.099992305
11,0.08828077,0.08015,0.054653842,0.30482307,0.2051,0.09765
12,0.08712307,0.07866923,0.05244615,0.3137077,0.19731924,0.094661534
13,0.08795769,0.078911535,0.05438461,0.30234617,0.1904,0.08986923
14,0.083730765,0.071399994,0.041730765,0.35519615,0.15020384,0.06273077
15,0.08488846,0.070619226,0.046038456,0.2973654,0.1484,0.06792692
16,0.089492306,0.07834615,0.05831538,0.30431154,0.20337692,0.09557692
17,0.090703845,0.08249231,0.06046923,0.3224846,0.21893847,0.103034616
18,0.09024615,0.08216923,0.05871923,0.32585,0.2165423,0.10176923
19,0.08954615,0.08079615,0.056484614,0.32334617,0.20962308,0.09751538
20,0.08868461,0.079773076,0.05516538,0.31354615,0.19804616,0.09269615
21,0.08903461,0.08117308,0.056080766,0.3168846,0.1999577,0.0945
22,0.09008461,0.08222307,0.057965383,0.32259232,0.20596154,0.098
23,0.089519225,0.08214231,0.05718461,0.33605385,0.20232692,0.093773074
24,0.08391923,0.073661536,0.041219227,0.38704616,0.15811923,0.063861534
25,0.083192304,0.07059231,0.042269226,0.33058846,0.14675769,0.062353842
26,0.08658461,0.074119225,0.05061538,0.31187692,0.17831154,0.082088456
27,0.09008461,0.079234615,0.05871923,0.31198463,0.2076577,0.09816153
28,0.089949995,0.08225,0.059553843,0.32208076,0.21632692,0.10322308
29,0.09021923,0.08106538,0.059311535,0.3197654,0.22031154,0.10486538
30,0.08935769,0.07961153,0.057453845,0.3232654,0.21148077,0.09886154
31,0.089411534,0.081199996,0.05839615,0.32329232,0.20550385,0.09713846
32,0.09024615,0.08130769,0.05936538,0.32014233,0.2076577,0.09643846
33,0.09021923,0.08176538,0.059473075,0.31788078,0.20523462,0.096384615
34,0.08930384,0.08149615,0.057103842,0.34281155,0.20211154,0.09396154
35,0.08922307,0.08276153,0.056699995,0.36206156,0.20531538,0.093423076
36,0.08365,0.07374231,0.039899997,0.3973308,0.15925,0.06442692
37,0.08375769,0.07336538,0.041326918,0.37544233,0.14971922,0.061492305
38,0.083299994,0.070403844,0.041730765,0.31780002,0.13189615,0.05777692
39,0.086799994,0.073149994,0.049403843,0.27954233,0.1460577,0.06846538
40,0.08930384,0.07643461,0.05723846,0.29418847,0.18310384,0.08521154
41,0.091242306,0.08047307,0.061142303,0.3161577,0.21689232,0.10139231
42,0.090273075,0.081549995,0.059553843,0.32843462,0.2121,0.10061154
43,0.090273075,0.080769226,0.05882692,0.3088346,0.1955423,0.093315385
44,0.09301923,0.082734615,0.06299999,0.29855,0.19058846,0.09135
45,0.092453845,0.0826,0.06267692,0.29526538,0.19029231,0.0896
46,0.08919615,0.07928846,0.056699995,0.31271154,0.18660384,0.086449996
47,0.08968077,0.080984615,0.05815384,0.33311924,0.20725384,0.09501154
48,0.08970769,0.08297692,0.05815384,0.3516423,0.21215385,0.097246155
49,0.08935769,0.08303077,0.058638457,0.36179233,0.21043077,0.09619615
50,0.08496923,0.073580764,0.045634612,0.36149615,0.15997693,0.0686
51,0.083192304,0.07436153,0.039119225,0.4109808,0.15925,0.062865384
52,0.08297692,0.073015384,0.038769227,0.40371156,0.15558846,0.06181538
53,0.08278846,0.07245,0.039523073,0.3822,0.14950384,0.059715383
54,0.08424231,0.07204615,0.04237692,0.35113078,0.14438847,0.060603842
55,0.08682692,0.07306923,0.048999995,0.3094,0.14966539,0.068734616
56,0.08706923,0.074092306,0.05174615,0.29542693,0.16369231,0.078265384
57,0.08733846,0.07646154,0.051692303,0.3117423,0.16293846,0.075196154
58,0.08911538,0.07861538,0.054923072,0.3243154,0.16996539,0.07554615
59,0.0896,0.07942308,0.055515382,0.33952692,0.17790769,0.08058076
60,0.088630766,0.079234615,0.052311536,0.34547693,0.16991153,0.07562692
61,0.08833461,0.0782923,0.052580766,0.3294308,0.16692308,0.07417308
62,0.08879231,0.078480765,0.056053843,0.30910385,0.1876,0.08881923
63,0.09011154,0.07982692,0.05995769,0.3117154,0.21145386,0.10039615
64,0.08892692,0.07988077,0.05707692,0.3334423,0.20106155,0.092453845
65,0.08456538,0.07172307,0.04385769,0.3434846,0.15251923,0.064373076
66,0.08300384,0.07010769,0.03941538,0.37595385,0.14775385,0.0602
67,0.08332692,0.069515385,0.037826918,0.41698462,0.16415,0.06469615
68,0.08265384,0.06970384,0.038930766,0.40182692,0.1526,0.059446152
69,0.08305769,0.07175,0.037988458,0.40941924,0.16584615,0.06491154
70,0.08313846,0.073015384,0.03844615,0.4092577,0.16242692,0.06405
71,0.08343461,0.07347307,0.03868846,0.40231153,0.15906154,0.063430764
72,0.083380766,0.07336538,0.039469227,0.38984618,0.15647693,0.063188456
73,0.08381154,0.07374231,0.04232307,0.3589654,0.14845385,0.06232692
74,0.08389231,0.07153461,0.041999996,0.33075002,0.14207308,0.060011536
75,0.08383846,0.072799996,0.04202692,0.35113078,0.15031154,0.06410384
76,0.08389231,0.07368846,0.043049995,0.37170002,0.15028462,0.06375384
77,0.08375769,0.0721,0.040249996,0.4061077,0.16089231,0.06410384
78,0.08348846,0.07150769,0.040223073,0.40923077,0.16299231,0.06593461
79,0.083730765,0.073553845,0.04124615,0.39482692,0.16129616,0.06671538
80,0.08515769,0.075088456,0.04668461,0.36173847,0.16048846,0.07037692
81,0.08701538,0.075734615,0.052392304,0.31572694,0.1722,0.07821154
82,0.08682692,0.07603077,0.051315382,0.32240385,0.16487692,0.074549995
83,0.08410769,0.0707,0.041434612,0.37770385,0.15553461,0.06456154
84,0.083165385,0.06981154,0.038338456,0.4013423,0.16493078,0.0649923
85,0.08305769,0.06870769,0.038149998,0.4275923,0.17610385,0.06800769
86,0.083192304,0.071803845,0.03906538,0.4125423,0.16455385,0.06577308
87,0.08542692,0.08079615,0.04684615,0.3928077,0.15984231,0.0663923
88,0.08531923,0.077511534,0.047169227,0.34690386,0.14021538,0.057399996
89,0.08348846,0.06924615,0.038203843,0.4491577,0.17995384,0.06722692
90,0.083165385,0.07078077,0.03812307,0.42387694,0.17271154,0.06698461
91,0.08348846,0.07245,0.03871538,0.39951155,0.16248077,0.06491154
92,0.08324615,0.072907686,0.038823072,0.39539233,0.16008462,0.06372692
93,0.082626924,0.07325769,0.038823072,0.39345387,0.15440385,0.06116923
94,0.08321923,0.073230766,0.039361533,0.37595385,0.15198077,0.061680768
95,0.08351538,0.07320385,0.040088456,0.38176924,0.15949231,0.06431923
96,0.08268077,0.070942305,0.038823072,0.40298462,0.15787692,0.063188456
97,0.08303077,0.07121154,0.03844615,0.4109,0.15782307,0.06273077
98,0.08270769,0.07102308,0.03836538,0.40007693,0.15798461,0.061519228
99,0.08289615,0.071696155,0.03836538,0.3983808,0.16151154,0.06305385
100,0.08292308,0.071938455,0.039523073,0.40828848,0.1586577,0.06278461
101,0.08311154,0.070619226,0.040680766,0.36927694,0.14775385,0.06084615
102,0.08510385,0.074119225,0.04501538,0.36246538,0.15311153,0.0637
103,0.08286923,0.06892307,0.037423074,0.4105231,0.16404231,0.06421153
104,0.082842305,0.07091538,0.03809615,0.41281155,0.16665384,0.0651
105,0.082842305,0.06938077,0.037826918,0.42713463,0.17478462,0.06765769
106,0.083192304,0.07188461,0.038580764,0.42904615,0.16767693,0.06553077
107,0.08483461,0.075411536,0.044880766,0.37533462,0.15973462,0.06685
108,0.087230764,0.08311154,0.05096538,0.3988654,0.17115,0.07516923
109,0.085480765,0.08090384,0.049834613,0.35974616,0.15612692,0.070484616
110,0.08402692,0.07721538,0.046980765,0.34071153,0.14503461,0.062299997
111,0.08321923,0.074765384,0.04342692,0.34633848,0.13577308,0.055138458
112,0.08289615,0.06542307,0.039738458,0.34539616,0.12565,0.054680765
113,0.08313846,0.06851923,0.038230766,0.44826925,0.17817692,0.0695423
114,0.08308461,0.07067307,0.038311534,0.41784617,0.17187692,0.06703846
115,0.08308461,0.07285384,0.038392305,0.4033077,0.16336924,0.06458846
116,0.082842305,0.07403846,0.038769227,0.39894617,0.15860385,0.062623076
117,0.08311154,0.07406538,0.039980765,0.3832231,0.15634231,0.06332307
118,0.083623074,0.074119225,0.04057307,0.38400385,0.1622923,0.06628461
119,0.08367692,0.0733923,0.040249996,0.40252694,0.17026153,0.067119226
120,0.083192304,0.071696155,0.038607687,0.40185386,0.16735385,0.06687692
121,0.08278846,0.070080765,0.037799995,0.39485386,0.1622923,0.06423846
122,0.08257307,0.06981154,0.037692305,0.39453077,0.15951923,0.06321538
123,0.08270769,0.07107692,0.038069226,0.3972231,0.1575,0.062542304
124,0.08235769,0.070484616,0.037503842,0.39751923,0.15410769,0.061465383
125,0.08246538,0.069649994,0.03720769,0.4146154,0.15916923,0.06294615
126,0.082626924,0.0698923,0.037019227,0.42595002,0.16571154,0.06469615
127,0.0826,0.07067307,0.037880763,0.4155577,0.16361155,0.06458846
128,0.08289615,0.07053846,0.038473073,0.4276731,0.17203847,0.06682307
129,0.08308461,0.07172307,0.03871538,0.41671538,0.16506538,0.06448077
130,0.08402692,0.07393077,0.043480765,0.35845384,0.14969231,0.06302692
131,0.08698846,0.08074231,0.05209615,0.36881924,0.17882308,0.0784
132,0.08577692,0.078911535,0.049888458,0.3659923,0.16081154,0.06752308
133,0.084161535,0.07535769,0.047142304,0.33920386,0.15814616,0.06878846
134,0.08206154,0.07134615,0.041757688,0.32299617,0.13219231,0.058530767
135,0.08408076,0.07667692,0.046549994,0.3531231,0.15968077,0.06827692
136,0.08626153,0.07988077,0.051799998,0.33906925,0.18749231,0.08386538
137,0.082384616,0.06116923,0.039280765,0.22752693,0.10093462,0.03117692
138,0.083299994,0.06714615,0.039199997,0.34472308,0.14061923,0.053442303
139,0.083165385,0.0686,0.037369225,0.4212654,0.17171538,0.06625769
140,0.082842305,0.07021538,0.037799995,0.40780386,0.16835,0.06545
141,0.08308461,0.074092306,0.03898461,0.39474615,0.16172692,0.06445384
142,0.08397307,0.074873075,0.042134613,0.36776924,0.15093076,0.062623076
143,0.08478077,0.0747923,0.044611536,0.34488463,0.15841539,0.06803461
144,0.08575,0.07535769,0.04827307,0.34036154,0.17284615,0.077
145,0.08531923,0.0742,0.045419227,0.37463462,0.17098846,0.071803845
146,0.08381154,0.07053846,0.039873075,0.39463848,0.16765,0.06623077
147,0.082949996,0.06862692,0.03720769,0.40909615,0.16826923,0.0651
148,0.08286923,0.07024231,0.037503842,0.40858462,0.16476923,0.06418461
149,0.08297692,0.072261535,0.03879615,0.3950154,0.15720385,0.061465383
150,0.08311154,0.07121154,0.038499996,0.39404616,0.15588461,0.061680768
151,0.08332692,0.07045769,0.038203843,0.3869923,0.16156538,0.06421153
152,0.08297692,0.068330765,0.038069226,0.40906924,0.16692308,0.06547692
153,0.08297692,0.06994615,0.038392305,0.41873464,0.16622308,0.06547692
154,0.08276153,0.07045769,0.03868846,0.39302307,0.15453847,0.061761536
155,0.08451153,0.07430769,0.044557687,0.3535,0.16221154,0.069649994
156,0.08760769,0.080446154,0.053388458,0.3464731,0.19053462,0.0870423
157,0.08615384,0.080661535,0.05031923,0.36006925,0.18226923,0.080661535
158,0.08523846,0.07753846,0.047949996,0.34267694,0.16409616,0.071696155
159,0.08389231,0.07271923,0.045203842,0.31263077,0.15192692,0.064507686
160,0.08456538,0.074765384,0.046711534,0.33185387,0.1645,0.07201923
161,0.085911535,0.07729615,0.049699996,0.3246923,0.17960384,0.08009615
162,0.08658461,0.07767308,0.05155769,0.32073462,0.18727693,0.08381154
163,0.08876538,0.08157692,0.056834612,0.32975385,0.21729615,0.10125769
164,0.090596154,0.08254615,0.061734613,0.31268463,0.23358461,0.113184616
165,0.082519226,0.06418461,0.03785384,0.36262694,0.14306924,0.05815384
166,0.08235769,0.060119227,0.040142305,0.27267691,0.10607692,0.040142305
167,0.082842305,0.06442692,0.038607687,0.39305001,0.14996153,0.057265382
168,0.08289615,0.06849231,0.037557688,0.44584617,0.17882308,0.06706538
169,0.08321923,0.071399994,0.03949615,0.4065923,0.16845769,0.066796154
170,0.084269226,0.07538461,0.043211535,0.37266925,0.15356924,0.06418461
171,0.08760769,0.07778077,0.051369227,0.30021924,0.16945384,0.08090384
172,0.08986923,0.078588456,0.057480767,0.2748577,0.18493462,0.09091923
173,0.08881923,0.078696154,0.055407688,0.30703077,0.18270001,0.08604615
174,0.08604615,0.07481923,0.047923073,0.34195,0.17443462,0.077080764
175,0.08313846,0.06981154,0.03758461,0.42142692,0.17249615,0.06671538
176,0.08303077,0.069084615,0.037180766,0.43408078,0.1757,0.06838461
177,0.082842305,0.070080765,0.038849995,0.4113846,0.15733846,0.06399615
178,0.08225,0.06846538,0.037826918,0.38346538,0.15146923,0.061492305
179,0.08367692,0.06946153,0.038849995,0.39932308,0.16808078,0.066796154
180,0.08335385,0.06970384,0.037773073,0.4299077,0.17023462,0.06644615
181,0.08313846,0.07175,0.03871538,0.43171155,0.1691577,0.06663461
182,0.083703846,0.07328461,0.041649997,0.38532308,0.16412307,0.06868076
183,0.08698846,0.077942304,0.05045384,0.3483577,0.18668462,0.084
184,0.08868461,0.08184615,0.05505769,0.3655077,0.2034577,0.09264231
185,0.08636923,0.08136154,0.050534613,0.3804231,0.18186538,0.077053845
186,0.08706923,0.08133461,0.05112692,0.36766154,0.18237692,0.07996154
187,0.087096155,0.08068846,0.051369227,0.35950387,0.18719615,0.08286923
188,0.086019225,0.078049995,0.04964615,0.33823463,0.17920001,0.07971923
189,0.08480769,0.07395769,0.04800384,0.31483847,0.17123076,0.077915385
190,0.08682692,0.07834615,0.051261537,0.33244616,0.1895923,0.08642308
191,0.08857692,0.08157692,0.056053843,0.3298346,0.2111577,0.097784616
192,0.08954615,0.08233076,0.05820769,0.32918847,0.22101153,0.10454231
193,0.0903,0.08257307,0.06100769,0.32251155,0.2314577,0.111030765
194,0.09032692,0.08254615,0.062192306,0.3124154,0.23767693,0.114530765
195,0.08367692,0.06881538,0.037369225,0.4511231,0.17669615,0.06752308
196,0.08305769,0.06520769,0.038849995,0.29671922,0.11665769,0.048084613
197,0.08233076,0.06014615,0.040115383,0.1869,0.06736153,0.03004615
198,0.08286923,0.06553077,0.03809615,0.38946924,0.14433461,0.05742692
199,0.08321923,0.06932692,0.03801538,0.43033847,0.17532308,0.067792304
200,0.084,0.07341923,0.04140769,0.38634616,0.16051538,0.06477692
201,0.08855,0.07721538,0.05422307,0.3165346,0.17152692,0.07931538
202,0.09207692,0.07974615,0.063188456,0.27501923,0.19565,0.097784616
203,0.09129615,0.079799995,0.062192306,0.2773077,0.20146538,0.101311535
204,0.08857692,0.07866923,0.05543461,0.31868848,0.18105769,0.08561538
205,0.08381154,0.07231538,0.041057687,0.4005077,0.16686924,0.067765385
206,0.083165385,0.06913846,0.03763846,0.43222308,0.17432693,0.0663923
207,0.08343461,0.07067307,0.037880763,0.43951923,0.17378846,0.06577308
208,0.083192304,0.06946153,0.03774615,0.41825002,0.16853847,0.065046154
209,0.083380766,0.06948846,0.038580764,0.41959617,0.1687,0.066903844
210,0.08308461,0.069649994,0.037557688,0.43437693,0.17120385,0.06674231
211,0.08356923,0.07371538,0.041703843,0.39146155,0.16213077,0.06590769
212,0.0866923,0.07764615,0.049565382,0.36173847,0.17949615,0.07877692
213,0.089492306,0.08015,0.057103842,0.32660386,0.2108077,0.09905
214,0.08957308,0.08332692,0.058907688,0.35654232,0.21823846,0.101176925
215,0.08814615,0.0870423,0.05357692,0.39625385,0.19142307,0.08429615
216,0.088065386,0.08367692,0.052903842,0.38257694,0.18439615,0.08015
217,0.08828077,0.083623074,0.053711534,0.36273462,0.19443846,0.08768846
218,0.08698846,0.07931538,0.051207688,0.35533077,0.19045384,0.08653077
219,0.08663846,0.07780769,0.050723072,0.33110002,0.18183847,0.082519226
220,0.08801153,0.079665385,0.053496152,0.33223078,0.20588078,0.093853846
221,0.08865769,0.08114615,0.05613461,0.3294308,0.21242309,0.10045
222,0.08978846,0.08292308,0.057749998,0.3334423,0.21743077,0.10133846
223,0.090596154,0.08332692,0.061223075,0.3257423,0.2307577,0.10938846
224,0.09086538,0.08278846,0.06073846,0.32216156,0.23086539,0.11022308
225,0.083596155,0.06717307,0.037773073,0.45456925,0.17971154,0.06736153
226,0.08313846,0.06738846,0.03774615,0.4497231,0.17879616,0.06617692
227,0.082519226,0.061599996,0.03895769,0.20238078,0.08706923,0.03179615
228,0.08214231,0.061088458,0.038769227,0.24088077,0.09528077,0.03642692
229,0.08286923,0.06730769,0.03720769,0.44471538,0.17416538,0.06631154
230,0.083165385,0.07099615,0.038742304,0.4211577,0.16923846,0.06507307
231,0.08696154,0.07729615,0.049699996,0.35753846,0.16425769,0.071938455
232,0.09148461,0.08114615,0.060899995,0.29136154,0.18757308,0.092346154
233,0.090811536,0.079665385,0.060873073,0.28263846,0.19419615,0.09700385
234,0.0889,0.07893846,0.056511536,0.3105577,0.17176923,0.081011534
235,0.08335385,0.06862692,0.038742304,0.4016654,0.16813461,0.0663923
236,0.082949996,0.06978461,0.03739615,0.42732307,0.16724615,0.06434615
237,0.08281538,0.069730766,0.037449997,0.4146154,0.16651922,0.06520769
238,0.08321923,0.07075384,0.03836538,0.4156654,0.16740769,0.06555769
239,0.083165385,0.07043076,0.038069226,0.4456308,0.17088076,0.06666154
240,0.08313846,0.071265385,0.038580764,0.41771156,0.1643923,0.06596153
241,0.0861,0.07691923,0.048192304,0.36731154,0.18447693,0.07993461
242,0.08997692,0.08036538,0.05801923,0.32636154,0.21250385,0.10058461
243,0.090165384,0.08095769,0.059203845,0.32894617,0.22970769,0.108715385
244,0.08976153,0.08289615,0.057292305,0.3574846,0.21858847,0.10139231
245,0.08871154,0.08311154,0.053253844,0.37385386,0.19718462,0.087311536
246,0.08747307,0.08308461,0.05112692,0.38529617,0.18124616,0.081415385
247,0.088630766,0.08311154,0.053253844,0.37797308,0.19338846,0.08575
248,0.08871154,0.08146923,0.053253844,0.3586423,0.20143846,0.090730764
249,0.08790384,0.08111923,0.052419227,0.35215387,0.20246154,0.0924
250,0.08873846,0.08114615,0.054761536,0.33721155,0.21021539,0.09875385
251,0.08943846,0.08117308,0.056861535,0.33077693,0.21393077,0.10047692
252,0.08997692,0.08211538,0.058342304,0.33206925,0.21525,0.10176923
253,0.09075769,0.08278846,0.060873073,0.32646924,0.22895385,0.11030384
254,0.08424231,0.07145385,0.041380767,0.4313077,0.17513461,0.07078077
255,0.08303077,0.06709231,0.037180766,0.46076155,0.18086924,0.068869226
256,0.082626924,0.06375384,0.03836538,0.34402308,0.13878846,0.053523075
257,0.08146923,0.05874615,0.039361533,0.16899616,0.062003843,0.025523072
258,0.082626924,0.06706538,0.036857687,0.4464923,0.17166154,0.06598846
259,0.08324615,0.069730766,0.03809615,0.44148463,0.17513461,0.06771153
260,0.08488846,0.07473846,0.04315769,0.39878464,0.1635577,0.06687692
261,0.08822692,0.07772692,0.05206923,0.3198731,0.17069231,0.078049995
262,0.087634616,0.07788846,0.05155769,0.32442307,0.17131154,0.076730765
263,0.08577692,0.07506154,0.047303844,0.3378577,0.16277692,0.07177692
264,0.082949996,0.06841154,0.037503842,0.4213731,0.16770385,0.06453461
265,0.083192304,0.069649994,0.03763846,0.42226154,0.1663577,0.06418461
266,0.08324615,0.07080769,0.03809615,0.42573464,0.17131154,0.066580765
267,0.08343461,0.07199231,0.039792303,0.38712692,0.15658462,0.06348461
268,0.08281538,0.070942305,0.037799995,0.42899233,0.16654615,0.06512692
269,0.08348846,0.0712923,0.04062692,0.37797308,0.15833461,0.065692306
270,0.087769225,0.077619225,0.053334612,0.34232694,0.19890769,0.09011154
271,0.090811536,0.08079615,0.059930768,0.32418078,0.2298154,0.109253846
272,0.089815386,0.08060769,0.05691538,0.3431077,0.2259923,0.10518846
273,0.09024615,0.08249231,0.05742692,0.3563,0.21786155,0.10028846
274,0.0889,0.08160384,0.05454615,0.35619232,0.19893461,0.09094615
275,0.08911538,0.08297692,0.05422307,0.3586154,0.19581154,0.08849615
276,0.09000384,0.08300384,0.055138458,0.3504846,0.20028077,0.093773074
277,0.089949995,0.08235769,0.055999998,0.33637694,0.20615,0.097273074
278,0.08962692,0.08173846,0.056188457,0.3320154,0.20582692,0.09646538
279,0.08989615,0.08176538,0.05664615,0.3301577,0.20825,0.09883461
280,0.08970769,0.081873074,0.056511536,0.33333462,0.21091539,0.10001923
281,0.09056923,0.08216923,0.058961537,0.3271154,0.2097577,0.099669226
282,0.08429615,0.07091538,0.04256538,0.40955386,0.17015384,0.07010769
283,0.082949996,0.06792692,0.037342303,0.46533847,0.18140769,0.069299996
284,0.08278846,0.06407692,0.039038457,0.31691155,0.12772308,0.049053844
285,0.08211538,0.060873073,0.038580764,0.25959232,0.09905,0.039011534
286,0.08286923,0.06685,0.037934612,0.4379308,0.16961539,0.06434615
287,0.083380766,0.07121154,0.037988458,0.4350231,0.17833847,0.06827692
288,0.08346154,0.074549995,0.039253842,0.4140231,0.16272308,0.06477692
289,0.08440384,0.07554615,0.04423461,0.3656423,0.15478078,0.06501923
290,0.08475384,0.07621923,0.04506923,0.34889618,0.15534616,0.067469224
291,0.083703846,0.07250384,0.040923074,0.38260385,0.15890001,0.06410384
292,0.08270769,0.06978461,0.03785384,0.42086154,0.16622308,0.064507686
293,0.083299994,0.07035,0.038149998,0.43020386,0.16896923,0.06620384
294,0.083380766,0.07118461,0.038849995,0.41841155,0.16676153,0.066042304
295,0.08289615,0.07102308,0.039361533,0.40128848,0.15642308,0.06273077
296,0.08276153,0.0695423,0.037988458,0.42484617,0.16778462,0.065369226
297,0.08383846,0.07274615,0.043130767,0.3693577,0.16121538,0.06808846
298,0.08661154,0.07724231,0.051073074,0.3424077,0.18426155,0.08402692
299,0.08997692,0.08106538,0.05640384,0.34248847,0.21753846,0.099965386
300,0.08976153,0.08095769,0.055919226,0.34838462,0.2181577,0.10098846
301,0.08997692,0.08225,0.055649996,0.35341924,0.21226154,0.09923846
302,0.089384615,0.082842305,0.054734614,0.35635385,0.20095384,0.09293846
303,0.08817308,0.08219615,0.052849997,0.35888463,0.18932308,0.086449996
304,0.088523075,0.080661535,0.05330769,0.33212307,0.18652308,0.088092305
305,0.08925,0.08111923,0.05575769,0.3250423,0.20515385,0.09786538
306,0.08865769,0.080446154,0.054761536,0.32482693,0.20413077,0.096599996
307,0.08976153,0.082088456,0.05640384,0.33193463,0.20227309,0.095630765
308,0.089061536,0.08068846,0.056323074,0.33083078,0.20736153,0.097380765
309,0.08510385,0.07285384,0.045473073,0.38131154,0.16482307,0.06927308
310,0.08351538,0.06808846,0.03758461,0.45909232,0.18092307,0.06916538
311,0.08346154,0.06736153,0.038823072,0.37975,0.14716154,0.057023074
312,0.08200769,0.05788461,0.03906538,0.17758462,0.07379615,0.030261533
313,0.08308461,0.06765769,0.037449997,0.45920002,0.17548461,0.066473074
314,0.08321923,0.07196538,0.038069226,0.42659616,0.17599615,0.067765385
315,0.083703846,0.07473846,0.039630767,0.4114654,0.16463462,0.064265385
316,0.08429615,0.07597692,0.041299995,0.40581155,0.15227692,0.06073846
317,0.08332692,0.07406538,0.04030384,0.38508078,0.14761923,0.058880765
318,0.08305769,0.06991923,0.037799995,0.40486923,0.16083845,0.062973075
319,0.08278846,0.06956923,0.03747692,0.43181923,0.17007308,0.06507307
320,0.08286923,0.06757692,0.037261534,0.4295577,0.16993846,0.06491154
321,0.08335385,0.070403844,0.038473073,0.40406156,0.16258846,0.06423846
322,0.083273076,0.070511535,0.03812307,0.43645,0.1687,0.06582692
323,0.08321923,0.07107692,0.038473073,0.4165,0.16275,0.06407692
324,0.08636923,0.07600384,0.047680765,0.35105002,0.17185,0.07659615
325,0.088846155,0.079126924,0.05505769,0.33551538,0.20703846,0.09323461
326,0.08857692,0.07971923,0.054438457,0.35102308,0.21390384,0.09816153
327,0.08914231,0.08031154,0.055111535,0.35729617,0.21425384,0.098780766
328,0.089734614,0.08176538,0.055192303,0.35691923,0.20574616,0.09573846
329,0.089411534,0.081523076,0.05373846,0.3541731,0.19686154,0.09075769
330,0.08696154,0.07877692,0.04948461,0.3598,0.18167692,0.08211538
331,0.08693461,0.078696154,0.050642304,0.34235385,0.1796577,0.08324615
332,0.08868461,0.08074231,0.054599997,0.3242077,0.19551538,0.09371923
333,0.08871154,0.08068846,0.055111535,0.3279231,0.20116924,0.09495769
334,0.08868461,0.080338456,0.05481538,0.32789615,0.20151924,0.095199995
335,0.085373074,0.07298846,0.047061536,0.36499617,0.15849616,0.06738846
336,0.08308461,0.067442305,0.03720769,0.47373846,0.18019615,0.067442305
337,0.08308461,0.06431923,0.039092302,0.3392577,0.13563846,0.05368461
338,0.08225,0.059149995,0.03960384,0.17521538,0.06577308,0.025819227
339,0.083165385,0.06695769,0.03693846,0.44721925,0.17306153,0.065369226
340,0.083192304,0.07043076,0.03817692,0.4342154,0.17486538,0.06695769
341,0.08367692,0.07406538,0.039711535,0.4043846,0.16326153,0.06474999
342,0.08332692,0.07441538,0.040007688,0.39585,0.14743076,0.059176918
343,0.08308461,0.07218076,0.038473073,0.39302307,0.15575,0.06205769
344,0.08308461,0.069973074,0.037261534,0.42479232,0.17273846,0.06652692
345,0.08303077,0.06870769,0.037073072,0.44953462,0.17704615,0.067549996
346,0.082411535,0.066688456,0.036049996,0.42821154,0.16673462,0.063430764
347,0.08292308,0.06827692,0.03758461,0.41431925,0.1701,0.06577308
348,0.08286923,0.07010769,0.037261534,0.4338654,0.16810769,0.06550384
349,0.08311154,0.07080769,0.039576918,0.3988654,0.15580384,0.06221923
350,0.087984614,0.07648846,0.051961534,0.31594232,0.16608846,0.077161536
351,0.09078462,0.08041923,0.059338458,0.3255,0.2136077,0.10082692
352,0.08876538,0.08111923,0.054034613,0.36195385,0.20967692,0.096842304
353,0.089384615,0.08047307,0.055273075,0.35457695,0.20940769,0.09630384
354,0.08922307,0.08138846,0.053819228,0.3539577,0.19726539,0.09183461
355,0.08790384,0.07961153,0.052392304,0.3588577,0.19241923,0.08830769
356,0.087769225,0.08047307,0.05077692,0.37643847,0.18388462,0.08286923
357,0.08642308,0.07764615,0.049349997,0.35105002,0.16619615,0.0716423
358,0.0889,0.08058076,0.05357692,0.34146538,0.18692693,0.08467308
359,0.087634616,0.08015,0.05314615,0.34628463,0.18776155,0.08620769
360,0.08443077,0.07121154,0.04264615,0.40753463,0.1645,0.067765385
361,0.083273076,0.06816923,0.03785384,0.46776155,0.17753077,0.06674231
362,0.08219615,0.06049615,0.039711535,0.22044615,0.091,0.03637307
363,0.082303844,0.06270384,0.03763846,0.3133577,0.116253845,0.04533846
364,0.08367692,0.06800769,0.03723461,0.4575577,0.17903847,0.06803461
365,0.083703846,0.07218076,0.038823072,0.42950386,0.17416538,0.06717307
366,0.08348846,0.07406538,0.039442305,0.39202693,0.16091923,0.062623076
367,0.08308461,0.07123846,0.038042303,0.38804233,0.15873846,0.06256923
368,0.08311154,0.06935384,0.037073072,0.42460385,0.16991153,0.06528846
369,0.083299994,0.06868076,0.037126917,0.4430731,0.1748923,0.066553846
370,0.08289615,0.06760384,0.036588456,0.43976155,0.17333077,0.06593461
371,0.08268077,0.06574615,0.036292303,0.43184617,0.17155385,0.06501923
372,0.08313846,0.06835769,0.037180766,0.4391154,0.17465,0.06703846
373,0.083192304,0.07072692,0.037719227,0.4415654,0.1691577,0.06585384
374,0.08346154,0.07228846,0.040169228,0.39345387,0.15556154,0.06378077
375,0.08674615,0.07525,0.049673073,0.32727692,0.1632077,0.07484615
376,0.08978846,0.07950384,0.056699995,0.3269,0.1993923,0.09525385
377,0.08914231,0.0805,0.053280767,0.35877693,0.20165385,0.093449995
378,0.08879231,0.08071538,0.05279615,0.3613077,0.19543462,0.09086538
379,0.08849615,0.08122692,0.052661534,0.36146924,0.19373846,0.08857692
380,0.08790384,0.08181923,0.052957688,0.36214232,0.1898077,0.087553844
381,0.088846155,0.08270769,0.054438457,0.3634077,0.19053462,0.08739231
382,0.08701538,0.081092305,0.05190769,0.35527694,0.1736,0.08206154
383,0.08922307,0.08378461,0.054061536,0.35764617,0.18404615,0.087553844
384,0.08292308,0.06248846,0.039953843,0.2438423,0.09503846,0.03677692
385,0.08276153,0.06415769,0.03720769,0.3693577,0.14371538,0.055246152
386,0.08356923,0.0695423,0.03812307,0.46121925,0.1834,0.07059231
387,0.083273076,0.071265385,0.03825769,0.40427694,0.16654615,0.06590769
388,0.08286923,0.069649994,0.037423074,0.40161154,0.16363846,0.063430764
389,0.083192304,0.068223074,0.03696538,0.43249232,0.17411155,0.066473074
390,0.083703846,0.06884231,0.037369225,0.4573154,0.17963077,0.068761535
391,0.082734615,0.06838461,0.036830764,0.43440387,0.17012693,0.06512692
392,0.08303077,0.06682307,0.03669615,0.43798462,0.17435385,0.06596153
393,0.08335385,0.065799996,0.037019227,0.4457654,0.17777307,0.067549996
394,0.08332692,0.07072692,0.037665382,0.44864616,0.17483847,0.06703846
395,0.08313846,0.07166923,0.03871538,0.42269233,0.15954615,0.063403845
396,0.0852923,0.0756,0.04598461,0.36211538,0.17341153,0.07525
397,0.08736538,0.0782923,0.05101923,0.34946156,0.1860923,0.08467308
398,0.08876538,0.07955769,0.053792305,0.34539616,0.19637692,0.09186154
399,0.08887307,0.08052692,0.053065382,0.35212693,0.19398077,0.09046154
400,0.08771538,0.07821154,0.05045384,0.35153463,0.17995384,0.08214231
401,0.08774231,0.07998846,0.051180765,0.36846924,0.18288846,0.082519226
402,0.087634616,0.07974615,0.05155769,0.35872307,0.17992692,0.08071538
403,0.085453846,0.07554615,0.048784614,0.31368077,0.1485077,0.06849231
404,0.08650384,0.07710769,0.05018461,0.3120654,0.15198077,0.0686
405,0.08865769,0.08079615,0.05419615,0.3389077,0.17920001,0.08254615
406,0.08394615,0.06956923,0.03801538,0.46261925,0.18531154,0.07107692
407,0.08351538,0.06913846,0.037880763,0.4446077,0.18108462,0.069192305
408,0.08303077,0.069084615,0.037799995,0.44910386,0.18025,0.069515385
409,0.082949996,0.068438455,0.03731538,0.45357308,0.17960384,0.06851923
410,0.08346154,0.068438455,0.037288457,0.44393462,0.17397693,0.06623077
411,0.083165385,0.067119226,0.037342303,0.4452,0.17535,0.067334615
412,0.08313846,0.06709231,0.03731538,0.44108078,0.17556539,0.06695769
413,0.08340769,0.068303846,0.037880763,0.44183463,0.17761154,0.06854615
414,0.08321923,0.07056538,0.03790769,0.44178078,0.17187692,0.06652692
415,0.08278846,0.07266538,0.040384613,0.38634616,0.15593846,0.06291923
416,0.088630766,0.07866923,0.053523075,0.3302654,0.18988846,0.08822692
417,0.08989615,0.08111923,0.056673072,0.34396923,0.2080077,0.09678846
418,0.0889,0.08071538,0.05411538,0.34095386,0.19387308,0.09118846
419,0.088092305,0.079773076,0.05112692,0.3338731,0.17047693,0.07998846
420,0.08311154,0.06763077,0.04299615,0.27305385,0.11994231,0.055542305
421,0.08671923,0.07745769,0.048892304,0.36023077,0.16727307,0.07543846
422,0.08618077,0.07915384,0.04859615,0.3670423,0.15803847,0.06900384
423,0.0826,0.07368846,0.045392305,0.31421924,0.120615385,0.05190769
424,0.08496923,0.07503461,0.047007687,0.33917692,0.14414616,0.06539615
425,0.08351538,0.070188455,0.038311534,0.4449577,0.17893077,0.06895
426,0.08300384,0.06819615,0.03731538,0.4414577,0.17475769,0.06736153
427,0.08313846,0.06765769,0.03704615,0.4487,0.17718077,0.06752308
428,0.08340769,0.06728077,0.037665382,0.4557,0.18135385,0.069084615
429,0.08346154,0.06816923,0.038069226,0.4529808,0.17847309,0.06825
430,0.08305769,0.06981154,0.037799995,0.45599616,0.17645384,0.068330765
431,0.08332692,0.07196538,0.040492304,0.42269233,0.17004615,0.06768461
432,0.085023075,0.07422692,0.045419227,0.36268076,0.1647423,0.07088846
433,0.088980764,0.07885769,0.055111535,0.3396077,0.19279616,0.08935769
434,0.08943846,0.081415385,0.05640384,0.3398231,0.21040384,0.097246155
435,0.08787692,0.078911535,0.05166538,0.34359232,0.18062693,0.08233076
436,0.08472692,0.0698923,0.04509615,0.2917923,0.13125,0.05987692
437,0.080338456,0.058853842,0.036292303,0.21883078,0.07721538,0.03669615
438,0.08389231,0.07158846,0.043399997,0.30226538,0.11953846,0.054599997
439,0.08391923,0.077942304,0.04665769,0.35971925,0.14080769,0.059769228
440,0.08160384,0.07298846,0.04194615,0.35018846,0.119753845,0.048488457
441,0.0835423,0.069730766,0.03828461,0.45839232,0.1822154,0.06981154
442,0.08332692,0.07080769,0.037799995,0.46426156,0.17911923,0.069623075
443,0.083380766,0.07271923,0.03895769,0.44428462,0.17004615,0.06781923
444,0.085130766,0.074873075,0.04560769,0.36461923,0.16864616,0.07282692
445,0.08698846,0.07665,0.05015769,0.3308577,0.16202308,0.074899994
446,0.088630766,0.07807692,0.054411534,0.33333462,0.19198847,0.0884423
447,0.08871154,0.07971923,0.05384615,0.3455577,0.19906923,0.09293846
448,0.0875,0.07864231,0.051638458,0.34353846,0.17957692,0.08324615
449,0.08254615,0.064507686,0.04086923,0.25660384,0.1090923,0.04980769
450,0.07885769,0.054734614,0.033142302,0.19936539,0.059499998,0.02716538
451,0.08475384,0.07336538,0.04474615,0.30598077,0.11870384,0.05411538
452,0.08577692,0.07885769,0.047788456,0.33589232,0.1387077,0.06407692
453,0.08739231,0.07947692,0.05096538,0.3652654,0.18068077,0.08095769
454,0.09043461,0.081415385,0.05820769,0.33223078,0.1968077,0.090730764
455,0.090380765,0.07918077,0.059042305,0.30684233,0.19581154,0.09153846
456,0.08914231,0.07735,0.054949995,0.32929617,0.19861154,0.093773074
457,0.08879231,0.080230765,0.054142304,0.34655386,0.20055,0.093342304
458,0.08752692,0.07883076,0.051961534,0.34838462,0.18240385,0.085023075
459,0.08281538,0.06878846,0.04237692,0.2759077,0.11587692,0.05548846
460,0.082088456,0.06768461,0.04097692,0.27647308,0.098242305,0.043669228
461,0.08739231,0.07988077,0.050534613,0.34676924,0.15615384,0.07158846
462,0.09054231,0.08025769,0.05898846,0.3280577,0.21767308,0.104380764
463,0.089519225,0.07961153,0.05626923,0.33874616,0.21223462,0.09918461
464,0.08849615,0.080446154,0.053119227,0.3526654,0.18943077,0.088980764
465,0.0861,0.077619225,0.04894615,0.3475231,0.15278846,0.067011535
466,0.085373074,0.07600384,0.04843461,0.31494617,0.13601539,0.060280766
467,0.08647692,0.077592306,0.050507687,0.3161308,0.14735,0.06722692
468,0.08838846,0.079773076,0.05373846,0.34563845,0.18447693,0.08483461
469,0.085373074,0.07500769,0.04827307,0.3047154,0.13991924,0.06335
470,0.08593846,0.07581538,0.048703842,0.31470385,0.13291924,0.05952692
